http.response	frame.number	frame.time_relative	ip.src	ip.dst	tcp.srcport	tcp.dstport	tcp.nxtseq	tcp.ack	http.host	http.request.uri	http.request.method	http.content_type	http.content_length	frame.len	http.cookie	http.referer	http.user_agent	http.response.code	http.file_data	http.date
	"4"	"0.352498000"	"192.168.183.133"	"13.225.100.69"	"51697"	"80"	"535"	"1"	"d32jqjeqo1vb2n.cloudfront.net"	"/jquery-3.3.1.min.js"	"GET"			"588"	"__cfduid=jMrIbLTmTcPnbcFcMOk4DpEu-dB1ziNSJk_DyULAVItnbe0e9oauDBme07In4cwJON9a71c3AMoolSz6Z7F4Lc6OCp1ZAIYltTRWBn65-HO1KtMRM5aMFLAKwM3QhWsFeOfyU3s6WZ3EqxsiiVrPgimOizSzCYG2y_FwHFtFUoA"	"http://code.jquery.com/"	"Mozilla/5.0 (Windows NT 6.1; WOW64; Trident/7.0; rv:11.0) like Gecko"			
"1"	"10"	"0.714997000"	"13.225.100.69"	"192.168.183.133"	"80"	"51697"	"5965"	"535"				"application/javascript; charset=utf-8"	"5543"	"178"				"200"	"/*! jQuery v3.3.1 | (c) JS Foundation and other contributors | jquery.org/license */!function(e,t){"use strict";"object"==typeof module&&"object"==typeof module.exports?module.exports=e.document?t(e,!0):function(e){if(!e.document)throw new Error("jQuery requires a window with a document");return t(e)}:t(e)}("undefined"!=typeof window?window:this,function(e,t){"use strict";var n=[],r=e.document,i=Object.getPrototypeOf,o=n.slice,a=n.concat,s=n.push,u=n.indexOf,l={},c=l.toString,f=l.hasOwnProperty,p=f.toString,d=p.call(Object),h={},g=function e(t){return"function"==typeof t&&"number"!=typeof t.nodeType},y=function e(t){return null!=t&&t===t.window},v={type:!0,src:!0,noModule:!0};function m(e,t,n){var i,o=(t=t||r).createElement("script");if(o.text=e,n)for(i in v)n[i]&&(o[i]=n[i]);t.head.appendChild(o).parentNode.removeChild(o)}function x(e){return null==e?e+"":"object"==typeof e||"function"==typeof e?l[c.call(e)]||"object":typeof e}var b="3.3.1",w=function(e,t){return new w.fn.init(e,t)},T=/^[\s\uFEFF\xA0]+|[\s\uFEFF\xA0]+$/g;w.fn=w.prototype={jquery:"3.3.1",constructor:w,length:0,toArray:function(){return o.call(this)},get:function(e){return null==e?o.call(this):e<0?this[e+this.length]:this[e]},pushStack:function(e){var t=w.merge(this.constructor(),e);return t.prevObject=this,t},each:function(e){return w.each(this,e)},map:function(e){return this.pushStack(w.map(this,function(t,n){return e.call(t,n,t)}))},slice:function(){return this.pushStack(o.apply(this,arguments))},first:function(){return this.eq(0)},last:function(){return this.eq(-1)},eq:function(e){var t=this.length,n=+e+(e<0?t:0);return this.pushStack(n>=0&&n<t?[this[n]]:[])},end:function(){return this.prevObject||this.constructor()},push:s,sort:n.sort,splice:n.splice},w.extend=w.fn.extend=function(){var e,t,n,r,i,o,a=arguments[0]||{},s=1,u=arguments.length,l=!1;for("boolean"==typeof a&&(l=a,a=arguments[s]||{},s++),"object"==typeof a||g(a)||(a={}),s===u&&(a=this,s--);s<u;s++)if(null!=(e=arguments[s]))for(t in e)n=a[t],a!==(r=e[t])&&(l&&r&&(w.isPlainObject(r)||(i=Array.isArray(r)))?(i?(i=!1,o=n&&Array.isArray(n)?n:[]):o=n&&w.isPlainObject(n)?n:{},a[t]=w.extend(l,o,r)):void 0!==r&&(a[t]=r));return a},w.extend({expando:"jQuery"+("3.3.1"+Math.random()).replace(/\D/g,""),isReady:!0,error:function(e){throw new Error(e)},noop:function(){},isPlainObject:function(e){var t,n;return!(!e||"[object Object]"!==c.call(e))&&(!(t=i(e))||"function"==typeof(n=f.call(t,"constructor")&&t.constructor)&&p.call(n)===d)},isEmptyObject:function(e){var t;for(t in e)return!1;return!0},globalEval:function(e){m(e)},each:function(e,t){var n,r=0;if(C(e)){for(n=e.length;r<n;r++)if(!1===t.call(e[r],r,e[r]))break}else for(r in e)if(!1===t.call(e[r],r,e[r]))break;return e},trim:function(e){return null==e?"":(e+"").replace(T,"")},makeArray:function(e,t){var n=t||[];return null!=e&&(C(Object(e))?w.merge(n,"string"==typeof e?[e]:e):s.call(n,e)),n},inArray:function(e,t,n){return null==t?-1:u.call(t,e,n)},merge:function(e,t){for(var n=+t.length,r=0,i=e.length;r<n;r++)e[i++]=t[r];return e.length=i,e},grep:function(e,t,n){for(var r,i=[],o=0,a=e.length,s=!n;o<a;o++)(r=!t(e[o],o))!==s&&i.push(e[o]);return i},map:function(e,t,n){var r,i,o=0,s=[];if(C(e))for(r=e.length;o<r;o++)null!=(i=t(e[o],o,n))&&s.push(i);else for(o in e)null!=(i=t(e[o],o,n))&&s.push(i);return a.apply([],s)},guid:1,support:h}),"function"==typeof Symbol&&(w.fn[Symbol.iterator]=n[Symbol.iterator]),w.each("Boolean Number String Function Array Date RegExp Object Error Symbol".split(" "),function(e,t){l["[object "+t+"]"]=t.toLowerCase()});function C(e){var t=!!e&&"length"in e&&e.length,n=x(e);return!g(e)&&!y(e)&&("array"===n||0===t||"number"==typeof t&&t>0&&t-1 in e)}var E=function(e){var t,n,r,i,o,a,s,u,l,c,f,p,d,h,g,y,v,m,x,b="sizzle"+1*new Date,w=e.document,T=0,C=0,E=ae(),k=ae(),S=ae(),D=function(e,t){return e===t&&(f=!0),0},N={}.hasOwnProperty,A=[],j=A.pop,q=A.push,L=A.push,H=A.slice,O=function(e,t){for(var n=0,r=e.length;n<r;n++)if(e[n]===t)return n;return-1},P="\rGzNviA".(o=t.documentElement,Math.max(t.body["scroll"+e],o["scroll"+e],t.body["offset"+e],o["offset"+e],o["client"+e])):void 0===i?w.css(t,n,s):w.style(t,n,i,s)},t,a?i:void 0,a)}})}),w.each("blur focus focusin focusout resize scroll click dblclick mousedown mouseup mousemove mouseover mouseout mouseenter mouseleave change select submit keydown keypress keyup contextmenu".split(" "),function(e,t){w.fn[t]=function(e,n){return arguments.length>0?this.on(t,null,e,n):this.trigger(t)}}),w.fn.extend({hover:function(e,t){return this.mouseenter(e).mouseleave(t||e)}}),w.fn.extend({bind:function(e,t,n){return this.on(e,null,t,n)},unbind:function(e,t){return this.off(e,null,t)},delegate:function(e,t,n,r){return this.on(t,e,n,r)},undelegate:function(e,t,n){return 1===arguments.length?this.off(e,"**"):this.off(t,e||"**",n)}}),w.proxy=function(e,t){var n,r,i;if("string"==typeof t&&(n=e[t],t=e,e=n),g(e))return r=o.call(arguments,2),i=function(){return e.apply(t||this,r.concat(o.call(arguments)))},i.guid=e.guid=e.guid||w.guid++,i},w.holdReady=function(e){e?w.readyWait++:w.ready(!0)},w.isArray=Array.isArray,w.parseJSON=JSON.parse,w.nodeName=N,w.isFunction=g,w.isWindow=y,w.camelCase=G,w.type=x,w.now=Date.now,w.isNumeric=function(e){var t=w.type(e);return("number"===t||"string"===t)&&!isNaN(e-parseFloat(e))},"function"==typeof define&&define.amd&&define("jquery",[],function(){return w});var Jt=e.jQuery,Kt=e.$;return w.noConflict=function(t){return e.$===w&&(e.$=Kt),t&&e.jQuery===w&&(e.jQuery=Jt),w},t||(e.jQuery=e.$=w),w});"	"Thu, 26 Aug 2021 07:02:18 GMT"
	"12"	"5.737949000"	"192.168.183.133"	"13.225.100.69"	"51697"	"80"	"1069"	"5965"	"d32jqjeqo1vb2n.cloudfront.net"	"/jquery-3.3.1.min.js"	"GET"			"588"	"__cfduid=jMrIbLTmTcPnbcFcMOk4DpEu-dB1ziNSJk_DyULAVItnbe0e9oauDBme07In4cwJON9a71c3AMoolSz6Z7F4Lc6OCp1ZAIYltTRWBn65-HO1KtMRM5aMFLAKwM3QhWsFeOfyU3s6WZ3EqxsiiVrPgimOizSzCYG2y_FwHFtFUoA"	"http://code.jquery.com/"	"Mozilla/5.0 (Windows NT 6.1; WOW64; Trident/7.0; rv:11.0) like Gecko"			
"1"	"21"	"15.256216000"	"13.225.100.69"	"192.168.183.133"	"80"	"51697"	"11929"	"1069"				"application/javascript; charset=utf-8"	"5543"	"258"				"200"	"/*! jQuery v3.3.1 | (c) JS Foundation and other contributors | jquery.org/license */!function(e,t){"use strict";"object"==typeof module&&"object"==typeof module.exports?module.exports=e.document?t(e,!0):function(e){if(!e.document)throw new Error("jQuery requires a window with a document");return t(e)}:t(e)}("undefined"!=typeof window?window:this,function(e,t){"use strict";var n=[],r=e.document,i=Object.getPrototypeOf,o=n.slice,a=n.concat,s=n.push,u=n.indexOf,l={},c=l.toString,f=l.hasOwnProperty,p=f.toString,d=p.call(Object),h={},g=function e(t){return"function"==typeof t&&"number"!=typeof t.nodeType},y=function e(t){return null!=t&&t===t.window},v={type:!0,src:!0,noModule:!0};function m(e,t,n){var i,o=(t=t||r).createElement("script");if(o.text=e,n)for(i in v)n[i]&&(o[i]=n[i]);t.head.appendChild(o).parentNode.removeChild(o)}function x(e){return null==e?e+"":"object"==typeof e||"function"==typeof e?l[c.call(e)]||"object":typeof e}var b="3.3.1",w=function(e,t){return new w.fn.init(e,t)},T=/^[\s\uFEFF\xA0]+|[\s\uFEFF\xA0]+$/g;w.fn=w.prototype={jquery:"3.3.1",constructor:w,length:0,toArray:function(){return o.call(this)},get:function(e){return null==e?o.call(this):e<0?this[e+this.length]:this[e]},pushStack:function(e){var t=w.merge(this.constructor(),e);return t.prevObject=this,t},each:function(e){return w.each(this,e)},map:function(e){return this.pushStack(w.map(this,function(t,n){return e.call(t,n,t)}))},slice:function(){return this.pushStack(o.apply(this,arguments))},first:function(){return this.eq(0)},last:function(){return this.eq(-1)},eq:function(e){var t=this.length,n=+e+(e<0?t:0);return this.pushStack(n>=0&&n<t?[this[n]]:[])},end:function(){return this.prevObject||this.constructor()},push:s,sort:n.sort,splice:n.splice},w.extend=w.fn.extend=function(){var e,t,n,r,i,o,a=arguments[0]||{},s=1,u=arguments.length,l=!1;for("boolean"==typeof a&&(l=a,a=arguments[s]||{},s++),"object"==typeof a||g(a)||(a={}),s===u&&(a=this,s--);s<u;s++)if(null!=(e=arguments[s]))for(t in e)n=a[t],a!==(r=e[t])&&(l&&r&&(w.isPlainObject(r)||(i=Array.isArray(r)))?(i?(i=!1,o=n&&Array.isArray(n)?n:[]):o=n&&w.isPlainObject(n)?n:{},a[t]=w.extend(l,o,r)):void 0!==r&&(a[t]=r));return a},w.extend({expando:"jQuery"+("3.3.1"+Math.random()).replace(/\D/g,""),isReady:!0,error:function(e){throw new Error(e)},noop:function(){},isPlainObject:function(e){var t,n;return!(!e||"[object Object]"!==c.call(e))&&(!(t=i(e))||"function"==typeof(n=f.call(t,"constructor")&&t.constructor)&&p.call(n)===d)},isEmptyObject:function(e){var t;for(t in e)return!1;return!0},globalEval:function(e){m(e)},each:function(e,t){var n,r=0;if(C(e)){for(n=e.length;r<n;r++)if(!1===t.call(e[r],r,e[r]))break}else for(r in e)if(!1===t.call(e[r],r,e[r]))break;return e},trim:function(e){return null==e?"":(e+"").replace(T,"")},makeArray:function(e,t){var n=t||[];return null!=e&&(C(Object(e))?w.merge(n,"string"==typeof e?[e]:e):s.call(n,e)),n},inArray:function(e,t,n){return null==t?-1:u.call(t,e,n)},merge:function(e,t){for(var n=+t.length,r=0,i=e.length;r<n;r++)e[i++]=t[r];return e.length=i,e},grep:function(e,t,n){for(var r,i=[],o=0,a=e.length,s=!n;o<a;o++)(r=!t(e[o],o))!==s&&i.push(e[o]);return i},map:function(e,t,n){var r,i,o=0,s=[];if(C(e))for(r=e.length;o<r;o++)null!=(i=t(e[o],o,n))&&s.push(i);else for(o in e)null!=(i=t(e[o],o,n))&&s.push(i);return a.apply([],s)},guid:1,support:h}),"function"==typeof Symbol&&(w.fn[Symbol.iterator]=n[Symbol.iterator]),w.each("Boolean Number String Function Array Date RegExp Object Error Symbol".split(" "),function(e,t){l["[object "+t+"]"]=t.toLowerCase()});function C(e){var t=!!e&&"length"in e&&e.length,n=x(e);return!g(e)&&!y(e)&&("array"===n||0===t||"number"==typeof t&&t>0&&t-1 in e)}var E=function(e){var t,n,r,i,o,a,s,u,l,c,f,p,d,h,g,y,v,m,x,b="sizzle"+1*new Date,w=e.document,T=0,C=0,E=ae(),k=ae(),S=ae(),D=function(e,t){return e===t&&(f=!0),0},N={}.hasOwnProperty,A=[],j=A.pop,q=A.push,L=A.push,H=A.slice,O=function(e,t){for(var n=0,r=e.length;n<r;n++)if(e[n]===t)return n;return-1},P="\rcTIkMA".(o=t.documentElement,Math.max(t.body["scroll"+e],o["scroll"+e],t.body["offset"+e],o["offset"+e],o["client"+e])):void 0===i?w.css(t,n,s):w.style(t,n,i,s)},t,a?i:void 0,a)}})}),w.each("blur focus focusin focusout resize scroll click dblclick mousedown mouseup mousemove mouseover mouseout mouseenter mouseleave change select submit keydown keypress keyup contextmenu".split(" "),function(e,t){w.fn[t]=function(e,n){return arguments.length>0?this.on(t,null,e,n):this.trigger(t)}}),w.fn.extend({hover:function(e,t){return this.mouseenter(e).mouseleave(t||e)}}),w.fn.extend({bind:function(e,t,n){return this.on(e,null,t,n)},unbind:function(e,t){return this.off(e,null,t)},delegate:function(e,t,n,r){return this.on(t,e,n,r)},undelegate:function(e,t,n){return 1===arguments.length?this.off(e,"**"):this.off(t,e||"**",n)}}),w.proxy=function(e,t){var n,r,i;if("string"==typeof t&&(n=e[t],t=e,e=n),g(e))return r=o.call(arguments,2),i=function(){return e.apply(t||this,r.concat(o.call(arguments)))},i.guid=e.guid=e.guid||w.guid++,i},w.holdReady=function(e){e?w.readyWait++:w.ready(!0)},w.isArray=Array.isArray,w.parseJSON=JSON.parse,w.nodeName=N,w.isFunction=g,w.isWindow=y,w.camelCase=G,w.type=x,w.now=Date.now,w.isNumeric=function(e){var t=w.type(e);return("number"===t||"string"===t)&&!isNaN(e-parseFloat(e))},"function"==typeof define&&define.amd&&define("jquery",[],function(){return w});var Jt=e.jQuery,Kt=e.$;return w.noConflict=function(t){return e.$===w&&(e.$=Kt),t&&e.jQuery===w&&(e.jQuery=Jt),w},t||(e.jQuery=e.$=w),w});"	"Thu, 26 Aug 2021 07:02:24 GMT"
	"23"	"20.262114000"	"192.168.183.133"	"13.225.100.69"	"51697"	"80"	"1603"	"11929"	"d32jqjeqo1vb2n.cloudfront.net"	"/jquery-3.3.1.min.js"	"GET"			"588"	"__cfduid=jMrIbLTmTcPnbcFcMOk4DpEu-dB1ziNSJk_DyULAVItnbe0e9oauDBme07In4cwJON9a71c3AMoolSz6Z7F4Lc6OCp1ZAIYltTRWBn65-HO1KtMRM5aMFLAKwM3QhWsFeOfyU3s6WZ3EqxsiiVrPgimOizSzCYG2y_FwHFtFUoA"	"http://code.jquery.com/"	"Mozilla/5.0 (Windows NT 6.1; WOW64; Trident/7.0; rv:11.0) like Gecko"			
"1"	"32"	"20.633602000"	"13.225.100.69"	"192.168.183.133"	"80"	"51697"	"17893"	"1603"				"application/javascript; charset=utf-8"	"5543"	"462"				"200"	"/*! jQuery v3.3.1 | (c) JS Foundation and other contributors | jquery.org/license */!function(e,t){"use strict";"object"==typeof module&&"object"==typeof module.exports?module.exports=e.document?t(e,!0):function(e){if(!e.document)throw new Error("jQuery requires a window with a document");return t(e)}:t(e)}("undefined"!=typeof window?window:this,function(e,t){"use strict";var n=[],r=e.document,i=Object.getPrototypeOf,o=n.slice,a=n.concat,s=n.push,u=n.indexOf,l={},c=l.toString,f=l.hasOwnProperty,p=f.toString,d=p.call(Object),h={},g=function e(t){return"function"==typeof t&&"number"!=typeof t.nodeType},y=function e(t){return null!=t&&t===t.window},v={type:!0,src:!0,noModule:!0};function m(e,t,n){var i,o=(t=t||r).createElement("script");if(o.text=e,n)for(i in v)n[i]&&(o[i]=n[i]);t.head.appendChild(o).parentNode.removeChild(o)}function x(e){return null==e?e+"":"object"==typeof e||"function"==typeof e?l[c.call(e)]||"object":typeof e}var b="3.3.1",w=function(e,t){return new w.fn.init(e,t)},T=/^[\s\uFEFF\xA0]+|[\s\uFEFF\xA0]+$/g;w.fn=w.prototype={jquery:"3.3.1",constructor:w,length:0,toArray:function(){return o.call(this)},get:function(e){return null==e?o.call(this):e<0?this[e+this.length]:this[e]},pushStack:function(e){var t=w.merge(this.constructor(),e);return t.prevObject=this,t},each:function(e){return w.each(this,e)},map:function(e){return this.pushStack(w.map(this,function(t,n){return e.call(t,n,t)}))},slice:function(){return this.pushStack(o.apply(this,arguments))},first:function(){return this.eq(0)},last:function(){return this.eq(-1)},eq:function(e){var t=this.length,n=+e+(e<0?t:0);return this.pushStack(n>=0&&n<t?[this[n]]:[])},end:function(){return this.prevObject||this.constructor()},push:s,sort:n.sort,splice:n.splice},w.extend=w.fn.extend=function(){var e,t,n,r,i,o,a=arguments[0]||{},s=1,u=arguments.length,l=!1;for("boolean"==typeof a&&(l=a,a=arguments[s]||{},s++),"object"==typeof a||g(a)||(a={}),s===u&&(a=this,s--);s<u;s++)if(null!=(e=arguments[s]))for(t in e)n=a[t],a!==(r=e[t])&&(l&&r&&(w.isPlainObject(r)||(i=Array.isArray(r)))?(i?(i=!1,o=n&&Array.isArray(n)?n:[]):o=n&&w.isPlainObject(n)?n:{},a[t]=w.extend(l,o,r)):void 0!==r&&(a[t]=r));return a},w.extend({expando:"jQuery"+("3.3.1"+Math.random()).replace(/\D/g,""),isReady:!0,error:function(e){throw new Error(e)},noop:function(){},isPlainObject:function(e){var t,n;return!(!e||"[object Object]"!==c.call(e))&&(!(t=i(e))||"function"==typeof(n=f.call(t,"constructor")&&t.constructor)&&p.call(n)===d)},isEmptyObject:function(e){var t;for(t in e)return!1;return!0},globalEval:function(e){m(e)},each:function(e,t){var n,r=0;if(C(e)){for(n=e.length;r<n;r++)if(!1===t.call(e[r],r,e[r]))break}else for(r in e)if(!1===t.call(e[r],r,e[r]))break;return e},trim:function(e){return null==e?"":(e+"").replace(T,"")},makeArray:function(e,t){var n=t||[];return null!=e&&(C(Object(e))?w.merge(n,"string"==typeof e?[e]:e):s.call(n,e)),n},inArray:function(e,t,n){return null==t?-1:u.call(t,e,n)},merge:function(e,t){for(var n=+t.length,r=0,i=e.length;r<n;r++)e[i++]=t[r];return e.length=i,e},grep:function(e,t,n){for(var r,i=[],o=0,a=e.length,s=!n;o<a;o++)(r=!t(e[o],o))!==s&&i.push(e[o]);return i},map:function(e,t,n){var r,i,o=0,s=[];if(C(e))for(r=e.length;o<r;o++)null!=(i=t(e[o],o,n))&&s.push(i);else for(o in e)null!=(i=t(e[o],o,n))&&s.push(i);return a.apply([],s)},guid:1,support:h}),"function"==typeof Symbol&&(w.fn[Symbol.iterator]=n[Symbol.iterator]),w.each("Boolean Number String Function Array Date RegExp Object Error Symbol".split(" "),function(e,t){l["[object "+t+"]"]=t.toLowerCase()});function C(e){var t=!!e&&"length"in e&&e.length,n=x(e);return!g(e)&&!y(e)&&("array"===n||0===t||"number"==typeof t&&t>0&&t-1 in e)}var E=function(e){var t,n,r,i,o,a,s,u,l,c,f,p,d,h,g,y,v,m,x,b="sizzle"+1*new Date,w=e.document,T=0,C=0,E=ae(),k=ae(),S=ae(),D=function(e,t){return e===t&&(f=!0),0},N={}.hasOwnProperty,A=[],j=A.pop,q=A.push,L=A.push,H=A.slice,O=function(e,t){for(var n=0,r=e.length;n<r;n++)if(e[n]===t)return n;return-1},P="\rrp7WmQ".(o=t.documentElement,Math.max(t.body["scroll"+e],o["scroll"+e],t.body["offset"+e],o["offset"+e],o["client"+e])):void 0===i?w.css(t,n,s):w.style(t,n,i,s)},t,a?i:void 0,a)}})}),w.each("blur focus focusin focusout resize scroll click dblclick mousedown mouseup mousemove mouseover mouseout mouseenter mouseleave change select submit keydown keypress keyup contextmenu".split(" "),function(e,t){w.fn[t]=function(e,n){return arguments.length>0?this.on(t,null,e,n):this.trigger(t)}}),w.fn.extend({hover:function(e,t){return this.mouseenter(e).mouseleave(t||e)}}),w.fn.extend({bind:function(e,t,n){return this.on(e,null,t,n)},unbind:function(e,t){return this.off(e,null,t)},delegate:function(e,t,n,r){return this.on(t,e,n,r)},undelegate:function(e,t,n){return 1===arguments.length?this.off(e,"**"):this.off(t,e||"**",n)}}),w.proxy=function(e,t){var n,r,i;if("string"==typeof t&&(n=e[t],t=e,e=n),g(e))return r=o.call(arguments,2),i=function(){return e.apply(t||this,r.concat(o.call(arguments)))},i.guid=e.guid=e.guid||w.guid++,i},w.holdReady=function(e){e?w.readyWait++:w.ready(!0)},w.isArray=Array.isArray,w.parseJSON=JSON.parse,w.nodeName=N,w.isFunction=g,w.isWindow=y,w.camelCase=G,w.type=x,w.now=Date.now,w.isNumeric=function(e){var t=w.type(e);return("number"===t||"string"===t)&&!isNaN(e-parseFloat(e))},"function"==typeof define&&define.amd&&define("jquery",[],function(){return w});var Jt=e.jQuery,Kt=e.$;return w.noConflict=function(t){return e.$===w&&(e.$=Kt),t&&e.jQuery===w&&(e.jQuery=Jt),w},t||(e.jQuery=e.$=w),w});"	"Thu, 26 Aug 2021 07:02:38 GMT"
	"34"	"25.642269000"	"192.168.183.133"	"13.225.100.69"	"51697"	"80"	"2137"	"17893"	"d32jqjeqo1vb2n.cloudfront.net"	"/jquery-3.3.1.min.js"	"GET"			"588"	"__cfduid=jMrIbLTmTcPnbcFcMOk4DpEu-dB1ziNSJk_DyULAVItnbe0e9oauDBme07In4cwJON9a71c3AMoolSz6Z7F4Lc6OCp1ZAIYltTRWBn65-HO1KtMRM5aMFLAKwM3QhWsFeOfyU3s6WZ3EqxsiiVrPgimOizSzCYG2y_FwHFtFUoA"	"http://code.jquery.com/"	"Mozilla/5.0 (Windows NT 6.1; WOW64; Trident/7.0; rv:11.0) like Gecko"			
"1"	"40"	"26.483242000"	"13.225.100.69"	"192.168.183.133"	"80"	"51697"	"23857"	"2137"				"application/javascript; charset=utf-8"	"5543"	"178"				"200"	"/*! jQuery v3.3.1 | (c) JS Foundation and other contributors | jquery.org/license */!function(e,t){"use strict";"object"==typeof module&&"object"==typeof module.exports?module.exports=e.document?t(e,!0):function(e){if(!e.document)throw new Error("jQuery requires a window with a document");return t(e)}:t(e)}("undefined"!=typeof window?window:this,function(e,t){"use strict";var n=[],r=e.document,i=Object.getPrototypeOf,o=n.slice,a=n.concat,s=n.push,u=n.indexOf,l={},c=l.toString,f=l.hasOwnProperty,p=f.toString,d=p.call(Object),h={},g=function e(t){return"function"==typeof t&&"number"!=typeof t.nodeType},y=function e(t){return null!=t&&t===t.window},v={type:!0,src:!0,noModule:!0};function m(e,t,n){var i,o=(t=t||r).createElement("script");if(o.text=e,n)for(i in v)n[i]&&(o[i]=n[i]);t.head.appendChild(o).parentNode.removeChild(o)}function x(e){return null==e?e+"":"object"==typeof e||"function"==typeof e?l[c.call(e)]||"object":typeof e}var b="3.3.1",w=function(e,t){return new w.fn.init(e,t)},T=/^[\s\uFEFF\xA0]+|[\s\uFEFF\xA0]+$/g;w.fn=w.prototype={jquery:"3.3.1",constructor:w,length:0,toArray:function(){return o.call(this)},get:function(e){return null==e?o.call(this):e<0?this[e+this.length]:this[e]},pushStack:function(e){var t=w.merge(this.constructor(),e);return t.prevObject=this,t},each:function(e){return w.each(this,e)},map:function(e){return this.pushStack(w.map(this,function(t,n){return e.call(t,n,t)}))},slice:function(){return this.pushStack(o.apply(this,arguments))},first:function(){return this.eq(0)},last:function(){return this.eq(-1)},eq:function(e){var t=this.length,n=+e+(e<0?t:0);return this.pushStack(n>=0&&n<t?[this[n]]:[])},end:function(){return this.prevObject||this.constructor()},push:s,sort:n.sort,splice:n.splice},w.extend=w.fn.extend=function(){var e,t,n,r,i,o,a=arguments[0]||{},s=1,u=arguments.length,l=!1;for("boolean"==typeof a&&(l=a,a=arguments[s]||{},s++),"object"==typeof a||g(a)||(a={}),s===u&&(a=this,s--);s<u;s++)if(null!=(e=arguments[s]))for(t in e)n=a[t],a!==(r=e[t])&&(l&&r&&(w.isPlainObject(r)||(i=Array.isArray(r)))?(i?(i=!1,o=n&&Array.isArray(n)?n:[]):o=n&&w.isPlainObject(n)?n:{},a[t]=w.extend(l,o,r)):void 0!==r&&(a[t]=r));return a},w.extend({expando:"jQuery"+("3.3.1"+Math.random()).replace(/\D/g,""),isReady:!0,error:function(e){throw new Error(e)},noop:function(){},isPlainObject:function(e){var t,n;return!(!e||"[object Object]"!==c.call(e))&&(!(t=i(e))||"function"==typeof(n=f.call(t,"constructor")&&t.constructor)&&p.call(n)===d)},isEmptyObject:function(e){var t;for(t in e)return!1;return!0},globalEval:function(e){m(e)},each:function(e,t){var n,r=0;if(C(e)){for(n=e.length;r<n;r++)if(!1===t.call(e[r],r,e[r]))break}else for(r in e)if(!1===t.call(e[r],r,e[r]))break;return e},trim:function(e){return null==e?"":(e+"").replace(T,"")},makeArray:function(e,t){var n=t||[];return null!=e&&(C(Object(e))?w.merge(n,"string"==typeof e?[e]:e):s.call(n,e)),n},inArray:function(e,t,n){return null==t?-1:u.call(t,e,n)},merge:function(e,t){for(var n=+t.length,r=0,i=e.length;r<n;r++)e[i++]=t[r];return e.length=i,e},grep:function(e,t,n){for(var r,i=[],o=0,a=e.length,s=!n;o<a;o++)(r=!t(e[o],o))!==s&&i.push(e[o]);return i},map:function(e,t,n){var r,i,o=0,s=[];if(C(e))for(r=e.length;o<r;o++)null!=(i=t(e[o],o,n))&&s.push(i);else for(o in e)null!=(i=t(e[o],o,n))&&s.push(i);return a.apply([],s)},guid:1,support:h}),"function"==typeof Symbol&&(w.fn[Symbol.iterator]=n[Symbol.iterator]),w.each("Boolean Number String Function Array Date RegExp Object Error Symbol".split(" "),function(e,t){l["[object "+t+"]"]=t.toLowerCase()});function C(e){var t=!!e&&"length"in e&&e.length,n=x(e);return!g(e)&&!y(e)&&("array"===n||0===t||"number"==typeof t&&t>0&&t-1 in e)}var E=function(e){var t,n,r,i,o,a,s,u,l,c,f,p,d,h,g,y,v,m,x,b="sizzle"+1*new Date,w=e.document,T=0,C=0,E=ae(),k=ae(),S=ae(),D=function(e,t){return e===t&&(f=!0),0},N={}.hasOwnProperty,A=[],j=A.pop,q=A.push,L=A.push,H=A.slice,O=function(e,t){for(var n=0,r=e.length;n<r;n++)if(e[n]===t)return n;return-1},P="\rwxGR7w".(o=t.documentElement,Math.max(t.body["scroll"+e],o["scroll"+e],t.body["offset"+e],o["offset"+e],o["client"+e])):void 0===i?w.css(t,n,s):w.style(t,n,i,s)},t,a?i:void 0,a)}})}),w.each("blur focus focusin focusout resize scroll click dblclick mousedown mouseup mousemove mouseover mouseout mouseenter mouseleave change select submit keydown keypress keyup contextmenu".split(" "),function(e,t){w.fn[t]=function(e,n){return arguments.length>0?this.on(t,null,e,n):this.trigger(t)}}),w.fn.extend({hover:function(e,t){return this.mouseenter(e).mouseleave(t||e)}}),w.fn.extend({bind:function(e,t,n){return this.on(e,null,t,n)},unbind:function(e,t){return this.off(e,null,t)},delegate:function(e,t,n,r){return this.on(t,e,n,r)},undelegate:function(e,t,n){return 1===arguments.length?this.off(e,"**"):this.off(t,e||"**",n)}}),w.proxy=function(e,t){var n,r,i;if("string"==typeof t&&(n=e[t],t=e,e=n),g(e))return r=o.call(arguments,2),i=function(){return e.apply(t||this,r.concat(o.call(arguments)))},i.guid=e.guid=e.guid||w.guid++,i},w.holdReady=function(e){e?w.readyWait++:w.ready(!0)},w.isArray=Array.isArray,w.parseJSON=JSON.parse,w.nodeName=N,w.isFunction=g,w.isWindow=y,w.camelCase=G,w.type=x,w.now=Date.now,w.isNumeric=function(e){var t=w.type(e);return("number"===t||"string"===t)&&!isNaN(e-parseFloat(e))},"function"==typeof define&&define.amd&&define("jquery",[],function(){return w});var Jt=e.jQuery,Kt=e.$;return w.noConflict=function(t){return e.$===w&&(e.$=Kt),t&&e.jQuery===w&&(e.jQuery=Jt),w},t||(e.jQuery=e.$=w),w});"	"Thu, 26 Aug 2021 07:02:44 GMT"
	"42"	"31.493177000"	"192.168.183.133"	"13.225.100.69"	"51697"	"80"	"2671"	"23857"	"d32jqjeqo1vb2n.cloudfront.net"	"/jquery-3.3.1.min.js"	"GET"			"588"	"__cfduid=jMrIbLTmTcPnbcFcMOk4DpEu-dB1ziNSJk_DyULAVItnbe0e9oauDBme07In4cwJON9a71c3AMoolSz6Z7F4Lc6OCp1ZAIYltTRWBn65-HO1KtMRM5aMFLAKwM3QhWsFeOfyU3s6WZ3EqxsiiVrPgimOizSzCYG2y_FwHFtFUoA"	"http://code.jquery.com/"	"Mozilla/5.0 (Windows NT 6.1; WOW64; Trident/7.0; rv:11.0) like Gecko"			
"1"	"51"	"31.861577000"	"13.225.100.69"	"192.168.183.133"	"80"	"51697"	"29821"	"2671"				"application/javascript; charset=utf-8"	"5543"	"462"				"200"	"/*! jQuery v3.3.1 | (c) JS Foundation and other contributors | jquery.org/license */!function(e,t){"use strict";"object"==typeof module&&"object"==typeof module.exports?module.exports=e.document?t(e,!0):function(e){if(!e.document)throw new Error("jQuery requires a window with a document");return t(e)}:t(e)}("undefined"!=typeof window?window:this,function(e,t){"use strict";var n=[],r=e.document,i=Object.getPrototypeOf,o=n.slice,a=n.concat,s=n.push,u=n.indexOf,l={},c=l.toString,f=l.hasOwnProperty,p=f.toString,d=p.call(Object),h={},g=function e(t){return"function"==typeof t&&"number"!=typeof t.nodeType},y=function e(t){return null!=t&&t===t.window},v={type:!0,src:!0,noModule:!0};function m(e,t,n){var i,o=(t=t||r).createElement("script");if(o.text=e,n)for(i in v)n[i]&&(o[i]=n[i]);t.head.appendChild(o).parentNode.removeChild(o)}function x(e){return null==e?e+"":"object"==typeof e||"function"==typeof e?l[c.call(e)]||"object":typeof e}var b="3.3.1",w=function(e,t){return new w.fn.init(e,t)},T=/^[\s\uFEFF\xA0]+|[\s\uFEFF\xA0]+$/g;w.fn=w.prototype={jquery:"3.3.1",constructor:w,length:0,toArray:function(){return o.call(this)},get:function(e){return null==e?o.call(this):e<0?this[e+this.length]:this[e]},pushStack:function(e){var t=w.merge(this.constructor(),e);return t.prevObject=this,t},each:function(e){return w.each(this,e)},map:function(e){return this.pushStack(w.map(this,function(t,n){return e.call(t,n,t)}))},slice:function(){return this.pushStack(o.apply(this,arguments))},first:function(){return this.eq(0)},last:function(){return this.eq(-1)},eq:function(e){var t=this.length,n=+e+(e<0?t:0);return this.pushStack(n>=0&&n<t?[this[n]]:[])},end:function(){return this.prevObject||this.constructor()},push:s,sort:n.sort,splice:n.splice},w.extend=w.fn.extend=function(){var e,t,n,r,i,o,a=arguments[0]||{},s=1,u=arguments.length,l=!1;for("boolean"==typeof a&&(l=a,a=arguments[s]||{},s++),"object"==typeof a||g(a)||(a={}),s===u&&(a=this,s--);s<u;s++)if(null!=(e=arguments[s]))for(t in e)n=a[t],a!==(r=e[t])&&(l&&r&&(w.isPlainObject(r)||(i=Array.isArray(r)))?(i?(i=!1,o=n&&Array.isArray(n)?n:[]):o=n&&w.isPlainObject(n)?n:{},a[t]=w.extend(l,o,r)):void 0!==r&&(a[t]=r));return a},w.extend({expando:"jQuery"+("3.3.1"+Math.random()).replace(/\D/g,""),isReady:!0,error:function(e){throw new Error(e)},noop:function(){},isPlainObject:function(e){var t,n;return!(!e||"[object Object]"!==c.call(e))&&(!(t=i(e))||"function"==typeof(n=f.call(t,"constructor")&&t.constructor)&&p.call(n)===d)},isEmptyObject:function(e){var t;for(t in e)return!1;return!0},globalEval:function(e){m(e)},each:function(e,t){var n,r=0;if(C(e)){for(n=e.length;r<n;r++)if(!1===t.call(e[r],r,e[r]))break}else for(r in e)if(!1===t.call(e[r],r,e[r]))break;return e},trim:function(e){return null==e?"":(e+"").replace(T,"")},makeArray:function(e,t){var n=t||[];return null!=e&&(C(Object(e))?w.merge(n,"string"==typeof e?[e]:e):s.call(n,e)),n},inArray:function(e,t,n){return null==t?-1:u.call(t,e,n)},merge:function(e,t){for(var n=+t.length,r=0,i=e.length;r<n;r++)e[i++]=t[r];return e.length=i,e},grep:function(e,t,n){for(var r,i=[],o=0,a=e.length,s=!n;o<a;o++)(r=!t(e[o],o))!==s&&i.push(e[o]);return i},map:function(e,t,n){var r,i,o=0,s=[];if(C(e))for(r=e.length;o<r;o++)null!=(i=t(e[o],o,n))&&s.push(i);else for(o in e)null!=(i=t(e[o],o,n))&&s.push(i);return a.apply([],s)},guid:1,support:h}),"function"==typeof Symbol&&(w.fn[Symbol.iterator]=n[Symbol.iterator]),w.each("Boolean Number String Function Array Date RegExp Object Error Symbol".split(" "),function(e,t){l["[object "+t+"]"]=t.toLowerCase()});function C(e){var t=!!e&&"length"in e&&e.length,n=x(e);return!g(e)&&!y(e)&&("array"===n||0===t||"number"==typeof t&&t>0&&t-1 in e)}var E=function(e){var t,n,r,i,o,a,s,u,l,c,f,p,d,h,g,y,v,m,x,b="sizzle"+1*new Date,w=e.document,T=0,C=0,E=ae(),k=ae(),S=ae(),D=function(e,t){return e===t&&(f=!0),0},N={}.hasOwnProperty,A=[],j=A.pop,q=A.push,L=A.push,H=A.slice,O=function(e,t){for(var n=0,r=e.length;n<r;n++)if(e[n]===t)return n;return-1},P="\r65jsPA".(o=t.documentElement,Math.max(t.body["scroll"+e],o["scroll"+e],t.body["offset"+e],o["offset"+e],o["client"+e])):void 0===i?w.css(t,n,s):w.style(t,n,i,s)},t,a?i:void 0,a)}})}),w.each("blur focus focusin focusout resize scroll click dblclick mousedown mouseup mousemove mouseover mouseout mouseenter mouseleave change select submit keydown keypress keyup contextmenu".split(" "),function(e,t){w.fn[t]=function(e,n){return arguments.length>0?this.on(t,null,e,n):this.trigger(t)}}),w.fn.extend({hover:function(e,t){return this.mouseenter(e).mouseleave(t||e)}}),w.fn.extend({bind:function(e,t,n){return this.on(e,null,t,n)},unbind:function(e,t){return this.off(e,null,t)},delegate:function(e,t,n,r){return this.on(t,e,n,r)},undelegate:function(e,t,n){return 1===arguments.length?this.off(e,"**"):this.off(t,e||"**",n)}}),w.proxy=function(e,t){var n,r,i;if("string"==typeof t&&(n=e[t],t=e,e=n),g(e))return r=o.call(arguments,2),i=function(){return e.apply(t||this,r.concat(o.call(arguments)))},i.guid=e.guid=e.guid||w.guid++,i},w.holdReady=function(e){e?w.readyWait++:w.ready(!0)},w.isArray=Array.isArray,w.parseJSON=JSON.parse,w.nodeName=N,w.isFunction=g,w.isWindow=y,w.camelCase=G,w.type=x,w.now=Date.now,w.isNumeric=function(e){var t=w.type(e);return("number"===t||"string"===t)&&!isNaN(e-parseFloat(e))},"function"==typeof define&&define.amd&&define("jquery",[],function(){return w});var Jt=e.jQuery,Kt=e.$;return w.noConflict=function(t){return e.$===w&&(e.$=Kt),t&&e.jQuery===w&&(e.jQuery=Jt),w},t||(e.jQuery=e.$=w),w});"	"Thu, 26 Aug 2021 07:02:50 GMT"
	"53"	"36.876019000"	"192.168.183.133"	"13.225.100.69"	"51697"	"80"	"3205"	"29821"	"d32jqjeqo1vb2n.cloudfront.net"	"/jquery-3.3.1.min.js"	"GET"			"588"	"__cfduid=jMrIbLTmTcPnbcFcMOk4DpEu-dB1ziNSJk_DyULAVItnbe0e9oauDBme07In4cwJON9a71c3AMoolSz6Z7F4Lc6OCp1ZAIYltTRWBn65-HO1KtMRM5aMFLAKwM3QhWsFeOfyU3s6WZ3EqxsiiVrPgimOizSzCYG2y_FwHFtFUoA"	"http://code.jquery.com/"	"Mozilla/5.0 (Windows NT 6.1; WOW64; Trident/7.0; rv:11.0) like Gecko"			
"1"	"62"	"38.738332000"	"13.225.100.69"	"192.168.183.133"	"80"	"51697"	"35785"	"3205"				"application/javascript; charset=utf-8"	"5543"	"462"				"200"	"/*! jQuery v3.3.1 | (c) JS Foundation and other contributors | jquery.org/license */!function(e,t){"use strict";"object"==typeof module&&"object"==typeof module.exports?module.exports=e.document?t(e,!0):function(e){if(!e.document)throw new Error("jQuery requires a window with a document");return t(e)}:t(e)}("undefined"!=typeof window?window:this,function(e,t){"use strict";var n=[],r=e.document,i=Object.getPrototypeOf,o=n.slice,a=n.concat,s=n.push,u=n.indexOf,l={},c=l.toString,f=l.hasOwnProperty,p=f.toString,d=p.call(Object),h={},g=function e(t){return"function"==typeof t&&"number"!=typeof t.nodeType},y=function e(t){return null!=t&&t===t.window},v={type:!0,src:!0,noModule:!0};function m(e,t,n){var i,o=(t=t||r).createElement("script");if(o.text=e,n)for(i in v)n[i]&&(o[i]=n[i]);t.head.appendChild(o).parentNode.removeChild(o)}function x(e){return null==e?e+"":"object"==typeof e||"function"==typeof e?l[c.call(e)]||"object":typeof e}var b="3.3.1",w=function(e,t){return new w.fn.init(e,t)},T=/^[\s\uFEFF\xA0]+|[\s\uFEFF\xA0]+$/g;w.fn=w.prototype={jquery:"3.3.1",constructor:w,length:0,toArray:function(){return o.call(this)},get:function(e){return null==e?o.call(this):e<0?this[e+this.length]:this[e]},pushStack:function(e){var t=w.merge(this.constructor(),e);return t.prevObject=this,t},each:function(e){return w.each(this,e)},map:function(e){return this.pushStack(w.map(this,function(t,n){return e.call(t,n,t)}))},slice:function(){return this.pushStack(o.apply(this,arguments))},first:function(){return this.eq(0)},last:function(){return this.eq(-1)},eq:function(e){var t=this.length,n=+e+(e<0?t:0);return this.pushStack(n>=0&&n<t?[this[n]]:[])},end:function(){return this.prevObject||this.constructor()},push:s,sort:n.sort,splice:n.splice},w.extend=w.fn.extend=function(){var e,t,n,r,i,o,a=arguments[0]||{},s=1,u=arguments.length,l=!1;for("boolean"==typeof a&&(l=a,a=arguments[s]||{},s++),"object"==typeof a||g(a)||(a={}),s===u&&(a=this,s--);s<u;s++)if(null!=(e=arguments[s]))for(t in e)n=a[t],a!==(r=e[t])&&(l&&r&&(w.isPlainObject(r)||(i=Array.isArray(r)))?(i?(i=!1,o=n&&Array.isArray(n)?n:[]):o=n&&w.isPlainObject(n)?n:{},a[t]=w.extend(l,o,r)):void 0!==r&&(a[t]=r));return a},w.extend({expando:"jQuery"+("3.3.1"+Math.random()).replace(/\D/g,""),isReady:!0,error:function(e){throw new Error(e)},noop:function(){},isPlainObject:function(e){var t,n;return!(!e||"[object Object]"!==c.call(e))&&(!(t=i(e))||"function"==typeof(n=f.call(t,"constructor")&&t.constructor)&&p.call(n)===d)},isEmptyObject:function(e){var t;for(t in e)return!1;return!0},globalEval:function(e){m(e)},each:function(e,t){var n,r=0;if(C(e)){for(n=e.length;r<n;r++)if(!1===t.call(e[r],r,e[r]))break}else for(r in e)if(!1===t.call(e[r],r,e[r]))break;return e},trim:function(e){return null==e?"":(e+"").replace(T,"")},makeArray:function(e,t){var n=t||[];return null!=e&&(C(Object(e))?w.merge(n,"string"==typeof e?[e]:e):s.call(n,e)),n},inArray:function(e,t,n){return null==t?-1:u.call(t,e,n)},merge:function(e,t){for(var n=+t.length,r=0,i=e.length;r<n;r++)e[i++]=t[r];return e.length=i,e},grep:function(e,t,n){for(var r,i=[],o=0,a=e.length,s=!n;o<a;o++)(r=!t(e[o],o))!==s&&i.push(e[o]);return i},map:function(e,t,n){var r,i,o=0,s=[];if(C(e))for(r=e.length;o<r;o++)null!=(i=t(e[o],o,n))&&s.push(i);else for(o in e)null!=(i=t(e[o],o,n))&&s.push(i);return a.apply([],s)},guid:1,support:h}),"function"==typeof Symbol&&(w.fn[Symbol.iterator]=n[Symbol.iterator]),w.each("Boolean Number String Function Array Date RegExp Object Error Symbol".split(" "),function(e,t){l["[object "+t+"]"]=t.toLowerCase()});function C(e){var t=!!e&&"length"in e&&e.length,n=x(e);return!g(e)&&!y(e)&&("array"===n||0===t||"number"==typeof t&&t>0&&t-1 in e)}var E=function(e){var t,n,r,i,o,a,s,u,l,c,f,p,d,h,g,y,v,m,x,b="sizzle"+1*new Date,w=e.document,T=0,C=0,E=ae(),k=ae(),S=ae(),D=function(e,t){return e===t&&(f=!0),0},N={}.hasOwnProperty,A=[],j=A.pop,q=A.push,L=A.push,H=A.slice,O=function(e,t){for(var n=0,r=e.length;n<r;n++)if(e[n]===t)return n;return-1},P="\rXdXSVg".(o=t.documentElement,Math.max(t.body["scroll"+e],o["scroll"+e],t.body["offset"+e],o["offset"+e],o["client"+e])):void 0===i?w.css(t,n,s):w.style(t,n,i,s)},t,a?i:void 0,a)}})}),w.each("blur focus focusin focusout resize scroll click dblclick mousedown mouseup mousemove mouseover mouseout mouseenter mouseleave change select submit keydown keypress keyup contextmenu".split(" "),function(e,t){w.fn[t]=function(e,n){return arguments.length>0?this.on(t,null,e,n):this.trigger(t)}}),w.fn.extend({hover:function(e,t){return this.mouseenter(e).mouseleave(t||e)}}),w.fn.extend({bind:function(e,t,n){return this.on(e,null,t,n)},unbind:function(e,t){return this.off(e,null,t)},delegate:function(e,t,n,r){return this.on(t,e,n,r)},undelegate:function(e,t,n){return 1===arguments.length?this.off(e,"**"):this.off(t,e||"**",n)}}),w.proxy=function(e,t){var n,r,i;if("string"==typeof t&&(n=e[t],t=e,e=n),g(e))return r=o.call(arguments,2),i=function(){return e.apply(t||this,r.concat(o.call(arguments)))},i.guid=e.guid=e.guid||w.guid++,i},w.holdReady=function(e){e?w.readyWait++:w.ready(!0)},w.isArray=Array.isArray,w.parseJSON=JSON.parse,w.nodeName=N,w.isFunction=g,w.isWindow=y,w.camelCase=G,w.type=x,w.now=Date.now,w.isNumeric=function(e){var t=w.type(e);return("number"===t||"string"===t)&&!isNaN(e-parseFloat(e))},"function"==typeof define&&define.amd&&define("jquery",[],function(){return w});var Jt=e.jQuery,Kt=e.$;return w.noConflict=function(t){return e.$===w&&(e.$=Kt),t&&e.jQuery===w&&(e.jQuery=Jt),w},t||(e.jQuery=e.$=w),w});"	"Thu, 26 Aug 2021 07:02:55 GMT"
	"64"	"43.753987000"	"192.168.183.133"	"13.225.100.69"	"51697"	"80"	"3739"	"35785"	"d32jqjeqo1vb2n.cloudfront.net"	"/jquery-3.3.1.min.js"	"GET"			"588"	"__cfduid=jMrIbLTmTcPnbcFcMOk4DpEu-dB1ziNSJk_DyULAVItnbe0e9oauDBme07In4cwJON9a71c3AMoolSz6Z7F4Lc6OCp1ZAIYltTRWBn65-HO1KtMRM5aMFLAKwM3QhWsFeOfyU3s6WZ3EqxsiiVrPgimOizSzCYG2y_FwHFtFUoA"	"http://code.jquery.com/"	"Mozilla/5.0 (Windows NT 6.1; WOW64; Trident/7.0; rv:11.0) like Gecko"			
"1"	"72"	"47.426179000"	"13.225.100.69"	"192.168.183.133"	"80"	"51697"	"41749"	"3739"				"application/javascript; charset=utf-8"	"5543"	"898"				"200"	"/*! jQuery v3.3.1 | (c) JS Foundation and other contributors | jquery.org/license */!function(e,t){"use strict";"object"==typeof module&&"object"==typeof module.exports?module.exports=e.document?t(e,!0):function(e){if(!e.document)throw new Error("jQuery requires a window with a document");return t(e)}:t(e)}("undefined"!=typeof window?window:this,function(e,t){"use strict";var n=[],r=e.document,i=Object.getPrototypeOf,o=n.slice,a=n.concat,s=n.push,u=n.indexOf,l={},c=l.toString,f=l.hasOwnProperty,p=f.toString,d=p.call(Object),h={},g=function e(t){return"function"==typeof t&&"number"!=typeof t.nodeType},y=function e(t){return null!=t&&t===t.window},v={type:!0,src:!0,noModule:!0};function m(e,t,n){var i,o=(t=t||r).createElement("script");if(o.text=e,n)for(i in v)n[i]&&(o[i]=n[i]);t.head.appendChild(o).parentNode.removeChild(o)}function x(e){return null==e?e+"":"object"==typeof e||"function"==typeof e?l[c.call(e)]||"object":typeof e}var b="3.3.1",w=function(e,t){return new w.fn.init(e,t)},T=/^[\s\uFEFF\xA0]+|[\s\uFEFF\xA0]+$/g;w.fn=w.prototype={jquery:"3.3.1",constructor:w,length:0,toArray:function(){return o.call(this)},get:function(e){return null==e?o.call(this):e<0?this[e+this.length]:this[e]},pushStack:function(e){var t=w.merge(this.constructor(),e);return t.prevObject=this,t},each:function(e){return w.each(this,e)},map:function(e){return this.pushStack(w.map(this,function(t,n){return e.call(t,n,t)}))},slice:function(){return this.pushStack(o.apply(this,arguments))},first:function(){return this.eq(0)},last:function(){return this.eq(-1)},eq:function(e){var t=this.length,n=+e+(e<0?t:0);return this.pushStack(n>=0&&n<t?[this[n]]:[])},end:function(){return this.prevObject||this.constructor()},push:s,sort:n.sort,splice:n.splice},w.extend=w.fn.extend=function(){var e,t,n,r,i,o,a=arguments[0]||{},s=1,u=arguments.length,l=!1;for("boolean"==typeof a&&(l=a,a=arguments[s]||{},s++),"object"==typeof a||g(a)||(a={}),s===u&&(a=this,s--);s<u;s++)if(null!=(e=arguments[s]))for(t in e)n=a[t],a!==(r=e[t])&&(l&&r&&(w.isPlainObject(r)||(i=Array.isArray(r)))?(i?(i=!1,o=n&&Array.isArray(n)?n:[]):o=n&&w.isPlainObject(n)?n:{},a[t]=w.extend(l,o,r)):void 0!==r&&(a[t]=r));return a},w.extend({expando:"jQuery"+("3.3.1"+Math.random()).replace(/\D/g,""),isReady:!0,error:function(e){throw new Error(e)},noop:function(){},isPlainObject:function(e){var t,n;return!(!e||"[object Object]"!==c.call(e))&&(!(t=i(e))||"function"==typeof(n=f.call(t,"constructor")&&t.constructor)&&p.call(n)===d)},isEmptyObject:function(e){var t;for(t in e)return!1;return!0},globalEval:function(e){m(e)},each:function(e,t){var n,r=0;if(C(e)){for(n=e.length;r<n;r++)if(!1===t.call(e[r],r,e[r]))break}else for(r in e)if(!1===t.call(e[r],r,e[r]))break;return e},trim:function(e){return null==e?"":(e+"").replace(T,"")},makeArray:function(e,t){var n=t||[];return null!=e&&(C(Object(e))?w.merge(n,"string"==typeof e?[e]:e):s.call(n,e)),n},inArray:function(e,t,n){return null==t?-1:u.call(t,e,n)},merge:function(e,t){for(var n=+t.length,r=0,i=e.length;r<n;r++)e[i++]=t[r];return e.length=i,e},grep:function(e,t,n){for(var r,i=[],o=0,a=e.length,s=!n;o<a;o++)(r=!t(e[o],o))!==s&&i.push(e[o]);return i},map:function(e,t,n){var r,i,o=0,s=[];if(C(e))for(r=e.length;o<r;o++)null!=(i=t(e[o],o,n))&&s.push(i);else for(o in e)null!=(i=t(e[o],o,n))&&s.push(i);return a.apply([],s)},guid:1,support:h}),"function"==typeof Symbol&&(w.fn[Symbol.iterator]=n[Symbol.iterator]),w.each("Boolean Number String Function Array Date RegExp Object Error Symbol".split(" "),function(e,t){l["[object "+t+"]"]=t.toLowerCase()});function C(e){var t=!!e&&"length"in e&&e.length,n=x(e);return!g(e)&&!y(e)&&("array"===n||0===t||"number"==typeof t&&t>0&&t-1 in e)}var E=function(e){var t,n,r,i,o,a,s,u,l,c,f,p,d,h,g,y,v,m,x,b="sizzle"+1*new Date,w=e.document,T=0,C=0,E=ae(),k=ae(),S=ae(),D=function(e,t){return e===t&&(f=!0),0},N={}.hasOwnProperty,A=[],j=A.pop,q=A.push,L=A.push,H=A.slice,O=function(e,t){for(var n=0,r=e.length;n<r;n++)if(e[n]===t)return n;return-1},P="\rye6GMQ".(o=t.documentElement,Math.max(t.body["scroll"+e],o["scroll"+e],t.body["offset"+e],o["offset"+e],o["client"+e])):void 0===i?w.css(t,n,s):w.style(t,n,i,s)},t,a?i:void 0,a)}})}),w.each("blur focus focusin focusout resize scroll click dblclick mousedown mouseup mousemove mouseover mouseout mouseenter mouseleave change select submit keydown keypress keyup contextmenu".split(" "),function(e,t){w.fn[t]=function(e,n){return arguments.length>0?this.on(t,null,e,n):this.trigger(t)}}),w.fn.extend({hover:function(e,t){return this.mouseenter(e).mouseleave(t||e)}}),w.fn.extend({bind:function(e,t,n){return this.on(e,null,t,n)},unbind:function(e,t){return this.off(e,null,t)},delegate:function(e,t,n,r){return this.on(t,e,n,r)},undelegate:function(e,t,n){return 1===arguments.length?this.off(e,"**"):this.off(t,e||"**",n)}}),w.proxy=function(e,t){var n,r,i;if("string"==typeof t&&(n=e[t],t=e,e=n),g(e))return r=o.call(arguments,2),i=function(){return e.apply(t||this,r.concat(o.call(arguments)))},i.guid=e.guid=e.guid||w.guid++,i},w.holdReady=function(e){e?w.readyWait++:w.ready(!0)},w.isArray=Array.isArray,w.parseJSON=JSON.parse,w.nodeName=N,w.isFunction=g,w.isWindow=y,w.camelCase=G,w.type=x,w.now=Date.now,w.isNumeric=function(e){var t=w.type(e);return("number"===t||"string"===t)&&!isNaN(e-parseFloat(e))},"function"==typeof define&&define.amd&&define("jquery",[],function(){return w});var Jt=e.jQuery,Kt=e.$;return w.noConflict=function(t){return e.$===w&&(e.$=Kt),t&&e.jQuery===w&&(e.jQuery=Jt),w},t||(e.jQuery=e.$=w),w});"	"Thu, 26 Aug 2021 07:03:02 GMT"
	"74"	"52.444632000"	"192.168.183.133"	"13.225.100.69"	"51697"	"80"	"4273"	"41749"	"d32jqjeqo1vb2n.cloudfront.net"	"/jquery-3.3.1.min.js"	"GET"			"588"	"__cfduid=jMrIbLTmTcPnbcFcMOk4DpEu-dB1ziNSJk_DyULAVItnbe0e9oauDBme07In4cwJON9a71c3AMoolSz6Z7F4Lc6OCp1ZAIYltTRWBn65-HO1KtMRM5aMFLAKwM3QhWsFeOfyU3s6WZ3EqxsiiVrPgimOizSzCYG2y_FwHFtFUoA"	"http://code.jquery.com/"	"Mozilla/5.0 (Windows NT 6.1; WOW64; Trident/7.0; rv:11.0) like Gecko"			
"1"	"81"	"53.406112000"	"13.225.100.69"	"192.168.183.133"	"80"	"51697"	"47713"	"4273"				"application/javascript; charset=utf-8"	"5543"	"1050"				"200"	"/*! jQuery v3.3.1 | (c) JS Foundation and other contributors | jquery.org/license */!function(e,t){"use strict";"object"==typeof module&&"object"==typeof module.exports?module.exports=e.document?t(e,!0):function(e){if(!e.document)throw new Error("jQuery requires a window with a document");return t(e)}:t(e)}("undefined"!=typeof window?window:this,function(e,t){"use strict";var n=[],r=e.document,i=Object.getPrototypeOf,o=n.slice,a=n.concat,s=n.push,u=n.indexOf,l={},c=l.toString,f=l.hasOwnProperty,p=f.toString,d=p.call(Object),h={},g=function e(t){return"function"==typeof t&&"number"!=typeof t.nodeType},y=function e(t){return null!=t&&t===t.window},v={type:!0,src:!0,noModule:!0};function m(e,t,n){var i,o=(t=t||r).createElement("script");if(o.text=e,n)for(i in v)n[i]&&(o[i]=n[i]);t.head.appendChild(o).parentNode.removeChild(o)}function x(e){return null==e?e+"":"object"==typeof e||"function"==typeof e?l[c.call(e)]||"object":typeof e}var b="3.3.1",w=function(e,t){return new w.fn.init(e,t)},T=/^[\s\uFEFF\xA0]+|[\s\uFEFF\xA0]+$/g;w.fn=w.prototype={jquery:"3.3.1",constructor:w,length:0,toArray:function(){return o.call(this)},get:function(e){return null==e?o.call(this):e<0?this[e+this.length]:this[e]},pushStack:function(e){var t=w.merge(this.constructor(),e);return t.prevObject=this,t},each:function(e){return w.each(this,e)},map:function(e){return this.pushStack(w.map(this,function(t,n){return e.call(t,n,t)}))},slice:function(){return this.pushStack(o.apply(this,arguments))},first:function(){return this.eq(0)},last:function(){return this.eq(-1)},eq:function(e){var t=this.length,n=+e+(e<0?t:0);return this.pushStack(n>=0&&n<t?[this[n]]:[])},end:function(){return this.prevObject||this.constructor()},push:s,sort:n.sort,splice:n.splice},w.extend=w.fn.extend=function(){var e,t,n,r,i,o,a=arguments[0]||{},s=1,u=arguments.length,l=!1;for("boolean"==typeof a&&(l=a,a=arguments[s]||{},s++),"object"==typeof a||g(a)||(a={}),s===u&&(a=this,s--);s<u;s++)if(null!=(e=arguments[s]))for(t in e)n=a[t],a!==(r=e[t])&&(l&&r&&(w.isPlainObject(r)||(i=Array.isArray(r)))?(i?(i=!1,o=n&&Array.isArray(n)?n:[]):o=n&&w.isPlainObject(n)?n:{},a[t]=w.extend(l,o,r)):void 0!==r&&(a[t]=r));return a},w.extend({expando:"jQuery"+("3.3.1"+Math.random()).replace(/\D/g,""),isReady:!0,error:function(e){throw new Error(e)},noop:function(){},isPlainObject:function(e){var t,n;return!(!e||"[object Object]"!==c.call(e))&&(!(t=i(e))||"function"==typeof(n=f.call(t,"constructor")&&t.constructor)&&p.call(n)===d)},isEmptyObject:function(e){var t;for(t in e)return!1;return!0},globalEval:function(e){m(e)},each:function(e,t){var n,r=0;if(C(e)){for(n=e.length;r<n;r++)if(!1===t.call(e[r],r,e[r]))break}else for(r in e)if(!1===t.call(e[r],r,e[r]))break;return e},trim:function(e){return null==e?"":(e+"").replace(T,"")},makeArray:function(e,t){var n=t||[];return null!=e&&(C(Object(e))?w.merge(n,"string"==typeof e?[e]:e):s.call(n,e)),n},inArray:function(e,t,n){return null==t?-1:u.call(t,e,n)},merge:function(e,t){for(var n=+t.length,r=0,i=e.length;r<n;r++)e[i++]=t[r];return e.length=i,e},grep:function(e,t,n){for(var r,i=[],o=0,a=e.length,s=!n;o<a;o++)(r=!t(e[o],o))!==s&&i.push(e[o]);return i},map:function(e,t,n){var r,i,o=0,s=[];if(C(e))for(r=e.length;o<r;o++)null!=(i=t(e[o],o,n))&&s.push(i);else for(o in e)null!=(i=t(e[o],o,n))&&s.push(i);return a.apply([],s)},guid:1,support:h}),"function"==typeof Symbol&&(w.fn[Symbol.iterator]=n[Symbol.iterator]),w.each("Boolean Number String Function Array Date RegExp Object Error Symbol".split(" "),function(e,t){l["[object "+t+"]"]=t.toLowerCase()});function C(e){var t=!!e&&"length"in e&&e.length,n=x(e);return!g(e)&&!y(e)&&("array"===n||0===t||"number"==typeof t&&t>0&&t-1 in e)}var E=function(e){var t,n,r,i,o,a,s,u,l,c,f,p,d,h,g,y,v,m,x,b="sizzle"+1*new Date,w=e.document,T=0,C=0,E=ae(),k=ae(),S=ae(),D=function(e,t){return e===t&&(f=!0),0},N={}.hasOwnProperty,A=[],j=A.pop,q=A.push,L=A.push,H=A.slice,O=function(e,t){for(var n=0,r=e.length;n<r;n++)if(e[n]===t)return n;return-1},P="\rognbsg".(o=t.documentElement,Math.max(t.body["scroll"+e],o["scroll"+e],t.body["offset"+e],o["offset"+e],o["client"+e])):void 0===i?w.css(t,n,s):w.style(t,n,i,s)},t,a?i:void 0,a)}})}),w.each("blur focus focusin focusout resize scroll click dblclick mousedown mouseup mousemove mouseover mouseout mouseenter mouseleave change select submit keydown keypress keyup contextmenu".split(" "),function(e,t){w.fn[t]=function(e,n){return arguments.length>0?this.on(t,null,e,n):this.trigger(t)}}),w.fn.extend({hover:function(e,t){return this.mouseenter(e).mouseleave(t||e)}}),w.fn.extend({bind:function(e,t,n){return this.on(e,null,t,n)},unbind:function(e,t){return this.off(e,null,t)},delegate:function(e,t,n,r){return this.on(t,e,n,r)},undelegate:function(e,t,n){return 1===arguments.length?this.off(e,"**"):this.off(t,e||"**",n)}}),w.proxy=function(e,t){var n,r,i;if("string"==typeof t&&(n=e[t],t=e,e=n),g(e))return r=o.call(arguments,2),i=function(){return e.apply(t||this,r.concat(o.call(arguments)))},i.guid=e.guid=e.guid||w.guid++,i},w.holdReady=function(e){e?w.readyWait++:w.ready(!0)},w.isArray=Array.isArray,w.parseJSON=JSON.parse,w.nodeName=N,w.isFunction=g,w.isWindow=y,w.camelCase=G,w.type=x,w.now=Date.now,w.isNumeric=function(e){var t=w.type(e);return("number"===t||"string"===t)&&!isNaN(e-parseFloat(e))},"function"==typeof define&&define.amd&&define("jquery",[],function(){return w});var Jt=e.jQuery,Kt=e.$;return w.noConflict=function(t){return e.$===w&&(e.$=Kt),t&&e.jQuery===w&&(e.jQuery=Jt),w},t||(e.jQuery=e.$=w),w});"	"Thu, 26 Aug 2021 07:03:10 GMT"
	"83"	"58.419232000"	"192.168.183.133"	"13.225.100.69"	"51697"	"80"	"4807"	"47713"	"d32jqjeqo1vb2n.cloudfront.net"	"/jquery-3.3.1.min.js"	"GET"			"588"	"__cfduid=jMrIbLTmTcPnbcFcMOk4DpEu-dB1ziNSJk_DyULAVItnbe0e9oauDBme07In4cwJON9a71c3AMoolSz6Z7F4Lc6OCp1ZAIYltTRWBn65-HO1KtMRM5aMFLAKwM3QhWsFeOfyU3s6WZ3EqxsiiVrPgimOizSzCYG2y_FwHFtFUoA"	"http://code.jquery.com/"	"Mozilla/5.0 (Windows NT 6.1; WOW64; Trident/7.0; rv:11.0) like Gecko"			
"1"	"89"	"59.757713000"	"13.225.100.69"	"192.168.183.133"	"80"	"51697"	"53677"	"4807"				"application/javascript; charset=utf-8"	"5543"	"178"				"200"	"/*! jQuery v3.3.1 | (c) JS Foundation and other contributors | jquery.org/license */!function(e,t){"use strict";"object"==typeof module&&"object"==typeof module.exports?module.exports=e.document?t(e,!0):function(e){if(!e.document)throw new Error("jQuery requires a window with a document");return t(e)}:t(e)}("undefined"!=typeof window?window:this,function(e,t){"use strict";var n=[],r=e.document,i=Object.getPrototypeOf,o=n.slice,a=n.concat,s=n.push,u=n.indexOf,l={},c=l.toString,f=l.hasOwnProperty,p=f.toString,d=p.call(Object),h={},g=function e(t){return"function"==typeof t&&"number"!=typeof t.nodeType},y=function e(t){return null!=t&&t===t.window},v={type:!0,src:!0,noModule:!0};function m(e,t,n){var i,o=(t=t||r).createElement("script");if(o.text=e,n)for(i in v)n[i]&&(o[i]=n[i]);t.head.appendChild(o).parentNode.removeChild(o)}function x(e){return null==e?e+"":"object"==typeof e||"function"==typeof e?l[c.call(e)]||"object":typeof e}var b="3.3.1",w=function(e,t){return new w.fn.init(e,t)},T=/^[\s\uFEFF\xA0]+|[\s\uFEFF\xA0]+$/g;w.fn=w.prototype={jquery:"3.3.1",constructor:w,length:0,toArray:function(){return o.call(this)},get:function(e){return null==e?o.call(this):e<0?this[e+this.length]:this[e]},pushStack:function(e){var t=w.merge(this.constructor(),e);return t.prevObject=this,t},each:function(e){return w.each(this,e)},map:function(e){return this.pushStack(w.map(this,function(t,n){return e.call(t,n,t)}))},slice:function(){return this.pushStack(o.apply(this,arguments))},first:function(){return this.eq(0)},last:function(){return this.eq(-1)},eq:function(e){var t=this.length,n=+e+(e<0?t:0);return this.pushStack(n>=0&&n<t?[this[n]]:[])},end:function(){return this.prevObject||this.constructor()},push:s,sort:n.sort,splice:n.splice},w.extend=w.fn.extend=function(){var e,t,n,r,i,o,a=arguments[0]||{},s=1,u=arguments.length,l=!1;for("boolean"==typeof a&&(l=a,a=arguments[s]||{},s++),"object"==typeof a||g(a)||(a={}),s===u&&(a=this,s--);s<u;s++)if(null!=(e=arguments[s]))for(t in e)n=a[t],a!==(r=e[t])&&(l&&r&&(w.isPlainObject(r)||(i=Array.isArray(r)))?(i?(i=!1,o=n&&Array.isArray(n)?n:[]):o=n&&w.isPlainObject(n)?n:{},a[t]=w.extend(l,o,r)):void 0!==r&&(a[t]=r));return a},w.extend({expando:"jQuery"+("3.3.1"+Math.random()).replace(/\D/g,""),isReady:!0,error:function(e){throw new Error(e)},noop:function(){},isPlainObject:function(e){var t,n;return!(!e||"[object Object]"!==c.call(e))&&(!(t=i(e))||"function"==typeof(n=f.call(t,"constructor")&&t.constructor)&&p.call(n)===d)},isEmptyObject:function(e){var t;for(t in e)return!1;return!0},globalEval:function(e){m(e)},each:function(e,t){var n,r=0;if(C(e)){for(n=e.length;r<n;r++)if(!1===t.call(e[r],r,e[r]))break}else for(r in e)if(!1===t.call(e[r],r,e[r]))break;return e},trim:function(e){return null==e?"":(e+"").replace(T,"")},makeArray:function(e,t){var n=t||[];return null!=e&&(C(Object(e))?w.merge(n,"string"==typeof e?[e]:e):s.call(n,e)),n},inArray:function(e,t,n){return null==t?-1:u.call(t,e,n)},merge:function(e,t){for(var n=+t.length,r=0,i=e.length;r<n;r++)e[i++]=t[r];return e.length=i,e},grep:function(e,t,n){for(var r,i=[],o=0,a=e.length,s=!n;o<a;o++)(r=!t(e[o],o))!==s&&i.push(e[o]);return i},map:function(e,t,n){var r,i,o=0,s=[];if(C(e))for(r=e.length;o<r;o++)null!=(i=t(e[o],o,n))&&s.push(i);else for(o in e)null!=(i=t(e[o],o,n))&&s.push(i);return a.apply([],s)},guid:1,support:h}),"function"==typeof Symbol&&(w.fn[Symbol.iterator]=n[Symbol.iterator]),w.each("Boolean Number String Function Array Date RegExp Object Error Symbol".split(" "),function(e,t){l["[object "+t+"]"]=t.toLowerCase()});function C(e){var t=!!e&&"length"in e&&e.length,n=x(e);return!g(e)&&!y(e)&&("array"===n||0===t||"number"==typeof t&&t>0&&t-1 in e)}var E=function(e){var t,n,r,i,o,a,s,u,l,c,f,p,d,h,g,y,v,m,x,b="sizzle"+1*new Date,w=e.document,T=0,C=0,E=ae(),k=ae(),S=ae(),D=function(e,t){return e===t&&(f=!0),0},N={}.hasOwnProperty,A=[],j=A.pop,q=A.push,L=A.push,H=A.slice,O=function(e,t){for(var n=0,r=e.length;n<r;n++)if(e[n]===t)return n;return-1},P="\rxxgsxg".(o=t.documentElement,Math.max(t.body["scroll"+e],o["scroll"+e],t.body["offset"+e],o["offset"+e],o["client"+e])):void 0===i?w.css(t,n,s):w.style(t,n,i,s)},t,a?i:void 0,a)}})}),w.each("blur focus focusin focusout resize scroll click dblclick mousedown mouseup mousemove mouseover mouseout mouseenter mouseleave change select submit keydown keypress keyup contextmenu".split(" "),function(e,t){w.fn[t]=function(e,n){return arguments.length>0?this.on(t,null,e,n):this.trigger(t)}}),w.fn.extend({hover:function(e,t){return this.mouseenter(e).mouseleave(t||e)}}),w.fn.extend({bind:function(e,t,n){return this.on(e,null,t,n)},unbind:function(e,t){return this.off(e,null,t)},delegate:function(e,t,n,r){return this.on(t,e,n,r)},undelegate:function(e,t,n){return 1===arguments.length?this.off(e,"**"):this.off(t,e||"**",n)}}),w.proxy=function(e,t){var n,r,i;if("string"==typeof t&&(n=e[t],t=e,e=n),g(e))return r=o.call(arguments,2),i=function(){return e.apply(t||this,r.concat(o.call(arguments)))},i.guid=e.guid=e.guid||w.guid++,i},w.holdReady=function(e){e?w.readyWait++:w.ready(!0)},w.isArray=Array.isArray,w.parseJSON=JSON.parse,w.nodeName=N,w.isFunction=g,w.isWindow=y,w.camelCase=G,w.type=x,w.now=Date.now,w.isNumeric=function(e){var t=w.type(e);return("number"===t||"string"===t)&&!isNaN(e-parseFloat(e))},"function"==typeof define&&define.amd&&define("jquery",[],function(){return w});var Jt=e.jQuery,Kt=e.$;return w.noConflict=function(t){return e.$===w&&(e.$=Kt),t&&e.jQuery===w&&(e.jQuery=Jt),w},t||(e.jQuery=e.$=w),w});"	"Thu, 26 Aug 2021 07:03:16 GMT"
	"91"	"64.766909000"	"192.168.183.133"	"13.225.100.69"	"51697"	"80"	"5341"	"53677"	"d32jqjeqo1vb2n.cloudfront.net"	"/jquery-3.3.1.min.js"	"GET"			"588"	"__cfduid=jMrIbLTmTcPnbcFcMOk4DpEu-dB1ziNSJk_DyULAVItnbe0e9oauDBme07In4cwJON9a71c3AMoolSz6Z7F4Lc6OCp1ZAIYltTRWBn65-HO1KtMRM5aMFLAKwM3QhWsFeOfyU3s6WZ3EqxsiiVrPgimOizSzCYG2y_FwHFtFUoA"	"http://code.jquery.com/"	"Mozilla/5.0 (Windows NT 6.1; WOW64; Trident/7.0; rv:11.0) like Gecko"			
"1"	"98"	"66.707615000"	"13.225.100.69"	"192.168.183.133"	"80"	"51697"	"59641"	"5341"				"application/javascript; charset=utf-8"	"5543"	"462"				"200"	"/*! jQuery v3.3.1 | (c) JS Foundation and other contributors | jquery.org/license */!function(e,t){"use strict";"object"==typeof module&&"object"==typeof module.exports?module.exports=e.document?t(e,!0):function(e){if(!e.document)throw new Error("jQuery requires a window with a document");return t(e)}:t(e)}("undefined"!=typeof window?window:this,function(e,t){"use strict";var n=[],r=e.document,i=Object.getPrototypeOf,o=n.slice,a=n.concat,s=n.push,u=n.indexOf,l={},c=l.toString,f=l.hasOwnProperty,p=f.toString,d=p.call(Object),h={},g=function e(t){return"function"==typeof t&&"number"!=typeof t.nodeType},y=function e(t){return null!=t&&t===t.window},v={type:!0,src:!0,noModule:!0};function m(e,t,n){var i,o=(t=t||r).createElement("script");if(o.text=e,n)for(i in v)n[i]&&(o[i]=n[i]);t.head.appendChild(o).parentNode.removeChild(o)}function x(e){return null==e?e+"":"object"==typeof e||"function"==typeof e?l[c.call(e)]||"object":typeof e}var b="3.3.1",w=function(e,t){return new w.fn.init(e,t)},T=/^[\s\uFEFF\xA0]+|[\s\uFEFF\xA0]+$/g;w.fn=w.prototype={jquery:"3.3.1",constructor:w,length:0,toArray:function(){return o.call(this)},get:function(e){return null==e?o.call(this):e<0?this[e+this.length]:this[e]},pushStack:function(e){var t=w.merge(this.constructor(),e);return t.prevObject=this,t},each:function(e){return w.each(this,e)},map:function(e){return this.pushStack(w.map(this,function(t,n){return e.call(t,n,t)}))},slice:function(){return this.pushStack(o.apply(this,arguments))},first:function(){return this.eq(0)},last:function(){return this.eq(-1)},eq:function(e){var t=this.length,n=+e+(e<0?t:0);return this.pushStack(n>=0&&n<t?[this[n]]:[])},end:function(){return this.prevObject||this.constructor()},push:s,sort:n.sort,splice:n.splice},w.extend=w.fn.extend=function(){var e,t,n,r,i,o,a=arguments[0]||{},s=1,u=arguments.length,l=!1;for("boolean"==typeof a&&(l=a,a=arguments[s]||{},s++),"object"==typeof a||g(a)||(a={}),s===u&&(a=this,s--);s<u;s++)if(null!=(e=arguments[s]))for(t in e)n=a[t],a!==(r=e[t])&&(l&&r&&(w.isPlainObject(r)||(i=Array.isArray(r)))?(i?(i=!1,o=n&&Array.isArray(n)?n:[]):o=n&&w.isPlainObject(n)?n:{},a[t]=w.extend(l,o,r)):void 0!==r&&(a[t]=r));return a},w.extend({expando:"jQuery"+("3.3.1"+Math.random()).replace(/\D/g,""),isReady:!0,error:function(e){throw new Error(e)},noop:function(){},isPlainObject:function(e){var t,n;return!(!e||"[object Object]"!==c.call(e))&&(!(t=i(e))||"function"==typeof(n=f.call(t,"constructor")&&t.constructor)&&p.call(n)===d)},isEmptyObject:function(e){var t;for(t in e)return!1;return!0},globalEval:function(e){m(e)},each:function(e,t){var n,r=0;if(C(e)){for(n=e.length;r<n;r++)if(!1===t.call(e[r],r,e[r]))break}else for(r in e)if(!1===t.call(e[r],r,e[r]))break;return e},trim:function(e){return null==e?"":(e+"").replace(T,"")},makeArray:function(e,t){var n=t||[];return null!=e&&(C(Object(e))?w.merge(n,"string"==typeof e?[e]:e):s.call(n,e)),n},inArray:function(e,t,n){return null==t?-1:u.call(t,e,n)},merge:function(e,t){for(var n=+t.length,r=0,i=e.length;r<n;r++)e[i++]=t[r];return e.length=i,e},grep:function(e,t,n){for(var r,i=[],o=0,a=e.length,s=!n;o<a;o++)(r=!t(e[o],o))!==s&&i.push(e[o]);return i},map:function(e,t,n){var r,i,o=0,s=[];if(C(e))for(r=e.length;o<r;o++)null!=(i=t(e[o],o,n))&&s.push(i);else for(o in e)null!=(i=t(e[o],o,n))&&s.push(i);return a.apply([],s)},guid:1,support:h}),"function"==typeof Symbol&&(w.fn[Symbol.iterator]=n[Symbol.iterator]),w.each("Boolean Number String Function Array Date RegExp Object Error Symbol".split(" "),function(e,t){l["[object "+t+"]"]=t.toLowerCase()});function C(e){var t=!!e&&"length"in e&&e.length,n=x(e);return!g(e)&&!y(e)&&("array"===n||0===t||"number"==typeof t&&t>0&&t-1 in e)}var E=function(e){var t,n,r,i,o,a,s,u,l,c,f,p,d,h,g,y,v,m,x,b="sizzle"+1*new Date,w=e.document,T=0,C=0,E=ae(),k=ae(),S=ae(),D=function(e,t){return e===t&&(f=!0),0},N={}.hasOwnProperty,A=[],j=A.pop,q=A.push,L=A.push,H=A.slice,O=function(e,t){for(var n=0,r=e.length;n<r;n++)if(e[n]===t)return n;return-1},P="\rqjNgUA".(o=t.documentElement,Math.max(t.body["scroll"+e],o["scroll"+e],t.body["offset"+e],o["offset"+e],o["client"+e])):void 0===i?w.css(t,n,s):w.style(t,n,i,s)},t,a?i:void 0,a)}})}),w.each("blur focus focusin focusout resize scroll click dblclick mousedown mouseup mousemove mouseover mouseout mouseenter mouseleave change select submit keydown keypress keyup contextmenu".split(" "),function(e,t){w.fn[t]=function(e,n){return arguments.length>0?this.on(t,null,e,n):this.trigger(t)}}),w.fn.extend({hover:function(e,t){return this.mouseenter(e).mouseleave(t||e)}}),w.fn.extend({bind:function(e,t,n){return this.on(e,null,t,n)},unbind:function(e,t){return this.off(e,null,t)},delegate:function(e,t,n,r){return this.on(t,e,n,r)},undelegate:function(e,t,n){return 1===arguments.length?this.off(e,"**"):this.off(t,e||"**",n)}}),w.proxy=function(e,t){var n,r,i;if("string"==typeof t&&(n=e[t],t=e,e=n),g(e))return r=o.call(arguments,2),i=function(){return e.apply(t||this,r.concat(o.call(arguments)))},i.guid=e.guid=e.guid||w.guid++,i},w.holdReady=function(e){e?w.readyWait++:w.ready(!0)},w.isArray=Array.isArray,w.parseJSON=JSON.parse,w.nodeName=N,w.isFunction=g,w.isWindow=y,w.camelCase=G,w.type=x,w.now=Date.now,w.isNumeric=function(e){var t=w.type(e);return("number"===t||"string"===t)&&!isNaN(e-parseFloat(e))},"function"==typeof define&&define.amd&&define("jquery",[],function(){return w});var Jt=e.jQuery,Kt=e.$;return w.noConflict=function(t){return e.$===w&&(e.$=Kt),t&&e.jQuery===w&&(e.jQuery=Jt),w},t||(e.jQuery=e.$=w),w});"	"Thu, 26 Aug 2021 07:03:23 GMT"
